"No.","Time","Source","Destination","Protocol","Length","Info"
"8602","0.000430","192.168.0.13","23.54.187.27","HTTP","328","GET /MFYwVKADAgEAME0wSzBJMAkGBSsOAwIaBQAEFHQkFGcGn%2FXgmD9ePhproGUqVBV1BBQBWavn3ToLWaZkY9bPIAdX1ZHnagIQKoyn1dyxVhEaGil6Wql1Lw%3D%3D HTTP/1.1 "
"8636","0.000192","23.54.187.27","192.168.0.13","OCSP","562","Response"
"21052","0.000067","192.168.0.13","23.21.54.131","HTTP","889","GET /ping?h=theatlantic.com&p=%2Ftechnology%2Farchive%2F2014%2F08%2Fwhat-good-is-all-this-tech-diversity-data-anyway%2F375829%2F&u=B14MNCBox9NLBBLolO&d=theatlantic.com&g=17396&g0=technology%2Csexes&g1=Adrienne%20LaFrance&n=0&f=f2021&c=4.76&x=2538&m=2538&y=16367&o=1279&w=632&j=270&R=0&W=0&I=1&E=0&e=0&r=https%3A%2F%2Fwww.google.com%2F&b=754&t=DDkvsFBu__FKC01nxrjdeSBprouy&V=83&tz=240&sn=5&EE=0&_ HTTP/1.1 "
"21086","0.008114","23.21.54.131","192.168.0.13","HTTP","279","HTTP/1.1 200 OK  (GIF89a) (GIF89a) (image/gif)"
"50898","0.000226","192.168.0.13","184.72.236.244","HTTP","1216","GET /ping?h=theatlantic.com&p=%2Fliveblogs%2F2016%2F10%2Fsecond-presidential-debate-clinton-trump%2F503495%2F&u=B14MNCBox9NLBBLolO&d=theatlantic.com&g=17396&g0=liveblog%2Cpolitics&g1=David%20A.%20Graham&n=0&f=f2021&c=16.5&x=10&m=10&y=62068&o=1279&w=632&j=30&R=1&W=0&I=0&E=3&e=3&v=%2Ftechnology%2Farchive%2F2014%2F08%2Fwhat-good-is-all-this-tech-diversity-data-anyway%2F375829%2F&K=655::10466::5iKpuBmikijB5zxlJBrsjzKD-aRud::*%5B%40id%3D%27article-most-popular%27%5D%2Fdiv%5B2%5D%2Ful%5B1%5D%2Fli%5B1%5D%2Fa%5B2%5D::c::http%3A%2F%2Fwww.theatlantic.com%2Fliveblogs%2F2016%2F10%2Fsecond-presidential-debate-clinton-trump%2F503495%2F::B8cka6CDl_ayC4asJvFX_0VDpOozT&b=9159&t=D_h_snf1zwDDqeb-RCLYCkaB4teGM&V=83&tz=240&sn=8&eS=0006&eM=000e&EE=3&_ HTTP/1.1 "
"50901","0.000296","192.168.0.13","107.20.207.188","HTTP","1446","GET /t?channels=politics&date=2016-10-09T23%3A28%3A00&title=Donald%20Trump%27s%20Disastrous%20Debate&url=http%3A%2F%2Fwww.theatlantic.com%2Fliveblogs%2F2016%2F10%2Fsecond-presidential-debate-clinton-trump%2F503495%2F&authors=david-a-graham&pid=516eed0e4240cfbf3000002a&tags=&page_url=http%3A%2F%2Fwww.theatlantic.com%2Fliveblogs%2F2016%2F10%2Fsecond-presidential-debate-clinton-trump%2F503495%2F&referrer=http%3A%2F%2Fwww.theatlantic.com%2Ftechnology%2Farchive%2F2014%2F08%2Fwhat-good-is-all-this-tech-diversity-data-anyway%2F375829%2F&uid=47f18800-9075-11e4-87bd-22000b019853&cb=SPR.API.callbacks.cbnsmnctqgessezrzfr&ref_url=http%3A%2F%2Fwww.theatlantic.com%2Ftechnology%2Farchive%2F2014%2F08%2Fwhat-good-is-all-this-tech-diversity-data-anyway%2F375829%2F&cache_buster=1476109176074&t=985000&e=5000&s=10 HTTP/1.1 "
"50937","0.001891","184.72.236.244","192.168.0.13","HTTP","279","HTTP/1.1 200 OK  (GIF89a) (GIF89a) (image/gif)"
"50943","0.003499","107.20.207.188","192.168.0.13","HTTP","340","HTTP/1.1 200 OK  (application/javascript)"
"52475","0.000185","192.168.0.13","107.20.207.188","HTTP","1448","GET /t?channels=politics&date=2016-10-09T23%3A28%3A00&title=Donald%20Trump%27s%20Disastrous%20Debate&url=http%3A%2F%2Fwww.theatlantic.com%2Fliveblogs%2F2016%2F10%2Fsecond-presidential-debate-clinton-trump%2F503495%2F&authors=david-a-graham&pid=516eed0e4240cfbf3000002a&tags=&page_url=http%3A%2F%2Fwww.theatlantic.com%2Fliveblogs%2F2016%2F10%2Fsecond-presidential-debate-clinton-trump%2F503495%2F&referrer=http%3A%2F%2Fwww.theatlantic.com%2Ftechnology%2Farchive%2F2014%2F08%2Fwhat-good-is-all-this-tech-diversity-data-anyway%2F375829%2F&uid=47f18800-9075-11e4-87bd-22000b019853&cb=SPR.API.callbacks.cbvcrhdrqopbcmqggzgdsi&ref_url=http%3A%2F%2Fwww.theatlantic.com%2Ftechnology%2Farchive%2F2014%2F08%2Fwhat-good-is-all-this-tech-diversity-data-anyway%2F375829%2F&cache_buster=1476109176074&t=5000&e=5000&s=311 HTTP/1.1 "
"52510","0.001746","107.20.207.188","192.168.0.13","HTTP","343","HTTP/1.1 200 OK  (application/javascript)"
"54057","0.002095","192.168.0.13","107.20.207.188","HTTP","1450","GET /t?channels=politics&date=2016-10-09T23%3A28%3A00&title=Donald%20Trump%27s%20Disastrous%20Debate&url=http%3A%2F%2Fwww.theatlantic.com%2Fliveblogs%2F2016%2F10%2Fsecond-presidential-debate-clinton-trump%2F503495%2F&authors=david-a-graham&pid=516eed0e4240cfbf3000002a&tags=&page_url=http%3A%2F%2Fwww.theatlantic.com%2Fliveblogs%2F2016%2F10%2Fsecond-presidential-debate-clinton-trump%2F503495%2F&referrer=http%3A%2F%2Fwww.theatlantic.com%2Ftechnology%2Farchive%2F2014%2F08%2Fwhat-good-is-all-this-tech-diversity-data-anyway%2F375829%2F&uid=47f18800-9075-11e4-87bd-22000b019853&cb=SPR.API.callbacks.cbpmasdcsxijljzkvtwklnmi&ref_url=http%3A%2F%2Fwww.theatlantic.com%2Ftechnology%2Farchive%2F2014%2F08%2Fwhat-good-is-all-this-tech-diversity-data-anyway%2F375829%2F&cache_buster=1476109176074&t=5000&e=5000&s=311 HTTP/1.1 "
"54095","0.006594","107.20.207.188","192.168.0.13","HTTP","345","HTTP/1.1 200 OK  (application/javascript)"
"55702","0.003899","192.168.0.13","184.72.236.244","HTTP","1222","GET /ping?h=theatlantic.com&p=%2Fliveblogs%2F2016%2F10%2Fsecond-presidential-debate-clinton-trump%2F503495%2F&u=B14MNCBox9NLBBLolO&d=theatlantic.com&g=17396&g0=liveblog%2Cpolitics&g1=David%20A.%20Graham&n=0&f=f2021&c=16.75&x=311&m=316&y=62068&o=1279&w=632&j=30&R=1&W=0&I=0&E=18&e=15&v=%2Ftechnology%2Farchive%2F2014%2F08%2Fwhat-good-is-all-this-tech-diversity-data-anyway%2F375829%2F&K=655::10466::5iKpuBmikijB5zxlJBrsjzKD-aRud::*%5B%40id%3D%27article-most-popular%27%5D%2Fdiv%5B2%5D%2Ful%5B1%5D%2Fli%5B1%5D%2Fa%5B2%5D::c::http%3A%2F%2Fwww.theatlantic.com%2Fliveblogs%2F2016%2F10%2Fsecond-presidential-debate-clinton-trump%2F503495%2F::B8cka6CDl_ayC4asJvFX_0VDpOozT&b=9159&t=D_h_snf1zwDDqeb-RCLYCkaB4teGM&V=83&tz=240&sn=9&eS=3c00&eM=2f9c&EE=18&_ HTTP/1.1 "
"55709","0.004817","192.168.0.13","107.20.207.188","HTTP","1447","GET /t?channels=politics&date=2016-10-09T23%3A28%3A00&title=Donald%20Trump%27s%20Disastrous%20Debate&url=http%3A%2F%2Fwww.theatlantic.com%2Fliveblogs%2F2016%2F10%2Fsecond-presidential-debate-clinton-trump%2F503495%2F&authors=david-a-graham&pid=516eed0e4240cfbf3000002a&tags=&page_url=http%3A%2F%2Fwww.theatlantic.com%2Fliveblogs%2F2016%2F10%2Fsecond-presidential-debate-clinton-trump%2F503495%2F&referrer=http%3A%2F%2Fwww.theatlantic.com%2Ftechnology%2Farchive%2F2014%2F08%2Fwhat-good-is-all-this-tech-diversity-data-anyway%2F375829%2F&uid=47f18800-9075-11e4-87bd-22000b019853&cb=SPR.API.callbacks.cbtmmiatbxtlpuqmbtqdi&ref_url=http%3A%2F%2Fwww.theatlantic.com%2Ftechnology%2Farchive%2F2014%2F08%2Fwhat-good-is-all-this-tech-diversity-data-anyway%2F375829%2F&cache_buster=1476109176074&t=5000&e=5000&s=311 HTTP/1.1 "
"55752","0.002380","184.72.236.244","192.168.0.13","HTTP","279","HTTP/1.1 200 OK  (GIF89a) (GIF89a) (image/gif)"
"55757","0.002155","107.20.207.188","192.168.0.13","HTTP","342","HTTP/1.1 200 OK  (application/javascript)"
"58858","0.018924","192.168.0.13","107.20.207.188","HTTP","1443","GET /t?channels=politics&date=2016-10-09T23%3A28%3A00&title=Donald%20Trump%27s%20Disastrous%20Debate&url=http%3A%2F%2Fwww.theatlantic.com%2Fliveblogs%2F2016%2F10%2Fsecond-presidential-debate-clinton-trump%2F503495%2F&authors=david-a-graham&pid=516eed0e4240cfbf3000002a&tags=&page_url=http%3A%2F%2Fwww.theatlantic.com%2Fliveblogs%2F2016%2F10%2Fsecond-presidential-debate-clinton-trump%2F503495%2F&referrer=http%3A%2F%2Fwww.theatlantic.com%2Ftechnology%2Farchive%2F2014%2F08%2Fwhat-good-is-all-this-tech-diversity-data-anyway%2F375829%2F&uid=47f18800-9075-11e4-87bd-22000b019853&cb=SPR.API.callbacks.cbhyqbtdnkceczgb&ref_url=http%3A%2F%2Fwww.theatlantic.com%2Ftechnology%2Farchive%2F2014%2F08%2Fwhat-good-is-all-this-tech-diversity-data-anyway%2F375829%2F&cache_buster=1476109176074&t=10000&e=5000&s=599 HTTP/1.1 "
"58891","0.003990","107.20.207.188","192.168.0.13","HTTP","337","HTTP/1.1 200 OK  (application/javascript)"
"60414","0.015687","192.168.0.13","184.72.236.244","HTTP","1220","GET /ping?h=theatlantic.com&p=%2Fliveblogs%2F2016%2F10%2Fsecond-presidential-debate-clinton-trump%2F503495%2F&u=B14MNCBox9NLBBLolO&d=theatlantic.com&g=17396&g0=liveblog%2Cpolitics&g1=David%20A.%20Graham&n=0&f=f2021&c=17&x=599&m=599&y=62068&o=1279&w=632&j=30&R=1&W=0&I=0&E=29&e=11&v=%2Ftechnology%2Farchive%2F2014%2F08%2Fwhat-good-is-all-this-tech-diversity-data-anyway%2F375829%2F&K=655::10466::5iKpuBmikijB5zxlJBrsjzKD-aRud::*%5B%40id%3D%27article-most-popular%27%5D%2Fdiv%5B2%5D%2Ful%5B1%5D%2Fli%5B1%5D%2Fa%5B2%5D::c::http%3A%2F%2Fwww.theatlantic.com%2Fliveblogs%2F2016%2F10%2Fsecond-presidential-debate-clinton-trump%2F503495%2F::B8cka6CDl_ayC4asJvFX_0VDpOozT&b=9159&t=D_h_snf1zwDDqeb-RCLYCkaB4teGM&V=83&tz=240&sn=10&eS=0100&eM=0980&EE=33&_ HTTP/1.1 "
"60456","0.000086","184.72.236.244","192.168.0.13","HTTP","279","HTTP/1.1 200 OK  (GIF89a) (GIF89a) (image/gif)"
"65288","0.008371","192.168.0.13","184.72.236.244","HTTP","1222","GET /ping?h=theatlantic.com&p=%2Fliveblogs%2F2016%2F10%2Fsecond-presidential-debate-clinton-trump%2F503495%2F&u=B14MNCBox9NLBBLolO&d=theatlantic.com&g=17396&g0=liveblog%2Cpolitics&g1=David%20A.%20Graham&n=0&f=f2021&c=17.25&x=947&m=947&y=62068&o=1279&w=632&j=30&R=1&W=0&I=0&E=32&e=3&v=%2Ftechnology%2Farchive%2F2014%2F08%2Fwhat-good-is-all-this-tech-diversity-data-anyway%2F375829%2F&K=655::10466::5iKpuBmikijB5zxlJBrsjzKD-aRud::*%5B%40id%3D%27article-most-popular%27%5D%2Fdiv%5B2%5D%2Ful%5B1%5D%2Fli%5B1%5D%2Fa%5B2%5D::c::http%3A%2F%2Fwww.theatlantic.com%2Fliveblogs%2F2016%2F10%2Fsecond-presidential-debate-clinton-trump%2F503495%2F::B8cka6CDl_ayC4asJvFX_0VDpOozT&b=9159&t=D_h_snf1zwDDqeb-RCLYCkaB4teGM&V=83&tz=240&sn=11&eS=000c&eM=0004&EE=48&_ HTTP/1.1 "
"65296","0.003612","192.168.0.13","107.20.207.188","HTTP","1450","GET /t?channels=politics&date=2016-10-09T23%3A28%3A00&title=Donald%20Trump%27s%20Disastrous%20Debate&url=http%3A%2F%2Fwww.theatlantic.com%2Fliveblogs%2F2016%2F10%2Fsecond-presidential-debate-clinton-trump%2F503495%2F&authors=david-a-graham&pid=516eed0e4240cfbf3000002a&tags=&page_url=http%3A%2F%2Fwww.theatlantic.com%2Fliveblogs%2F2016%2F10%2Fsecond-presidential-debate-clinton-trump%2F503495%2F&referrer=http%3A%2F%2Fwww.theatlantic.com%2Ftechnology%2Farchive%2F2014%2F08%2Fwhat-good-is-all-this-tech-diversity-data-anyway%2F375829%2F&uid=47f18800-9075-11e4-87bd-22000b019853&cb=SPR.API.callbacks.cbuvnnaayipajrequjgdcdi&ref_url=http%3A%2F%2Fwww.theatlantic.com%2Ftechnology%2Farchive%2F2014%2F08%2Fwhat-good-is-all-this-tech-diversity-data-anyway%2F375829%2F&cache_buster=1476109176074&t=20000&e=5000&s=947 HTTP/1.1 "
"65324","0.008079","184.72.236.244","192.168.0.13","HTTP","279","HTTP/1.1 200 OK  (GIF89a) (GIF89a) (image/gif)"
"65335","0.001746","107.20.207.188","192.168.0.13","HTTP","344","HTTP/1.1 200 OK  (application/javascript)"
"68393","0.003308","192.168.0.13","107.20.207.188","HTTP","1446","GET /t?channels=politics&date=2016-10-09T23%3A28%3A00&title=Donald%20Trump%27s%20Disastrous%20Debate&url=http%3A%2F%2Fwww.theatlantic.com%2Fliveblogs%2F2016%2F10%2Fsecond-presidential-debate-clinton-trump%2F503495%2F&authors=david-a-graham&pid=516eed0e4240cfbf3000002a&tags=&page_url=http%3A%2F%2Fwww.theatlantic.com%2Fliveblogs%2F2016%2F10%2Fsecond-presidential-debate-clinton-trump%2F503495%2F&referrer=http%3A%2F%2Fwww.theatlantic.com%2Ftechnology%2Farchive%2F2014%2F08%2Fwhat-good-is-all-this-tech-diversity-data-anyway%2F375829%2F&uid=47f18800-9075-11e4-87bd-22000b019853&cb=SPR.API.callbacks.cbylvnpyzbysrbxyldi&ref_url=http%3A%2F%2Fwww.theatlantic.com%2Ftechnology%2Farchive%2F2014%2F08%2Fwhat-good-is-all-this-tech-diversity-data-anyway%2F375829%2F&cache_buster=1476109176074&t=10000&e=5000&s=947 HTTP/1.1 "
"68434","0.000929","107.20.207.188","192.168.0.13","HTTP","340","HTTP/1.1 200 OK  (application/javascript)"
"70078","0.000615","192.168.0.13","184.72.236.244","HTTP","1221","GET /ping?h=theatlantic.com&p=%2Fliveblogs%2F2016%2F10%2Fsecond-presidential-debate-clinton-trump%2F503495%2F&u=B14MNCBox9NLBBLolO&d=theatlantic.com&g=17396&g0=liveblog%2Cpolitics&g1=David%20A.%20Graham&n=0&f=f2021&c=17.5&x=989&m=989&y=62068&o=1279&w=632&j=30&R=1&W=0&I=0&E=39&e=7&v=%2Ftechnology%2Farchive%2F2014%2F08%2Fwhat-good-is-all-this-tech-diversity-data-anyway%2F375829%2F&K=655::10466::5iKpuBmikijB5zxlJBrsjzKD-aRud::*%5B%40id%3D%27article-most-popular%27%5D%2Fdiv%5B2%5D%2Ful%5B1%5D%2Fli%5B1%5D%2Fa%5B2%5D::c::http%3A%2F%2Fwww.theatlantic.com%2Fliveblogs%2F2016%2F10%2Fsecond-presidential-debate-clinton-trump%2F503495%2F::B8cka6CDl_ayC4asJvFX_0VDpOozT&b=9159&t=D_h_snf1zwDDqeb-RCLYCkaB4teGM&V=83&tz=240&sn=12&eS=0001&eM=0030&EE=63&_ HTTP/1.1 "
"70082","0.001652","192.168.0.13","107.20.207.188","HTTP","1448","GET /t?channels=politics&date=2016-10-09T23%3A28%3A00&title=Donald%20Trump%27s%20Disastrous%20Debate&url=http%3A%2F%2Fwww.theatlantic.com%2Fliveblogs%2F2016%2F10%2Fsecond-presidential-debate-clinton-trump%2F503495%2F&authors=david-a-graham&pid=516eed0e4240cfbf3000002a&tags=&page_url=http%3A%2F%2Fwww.theatlantic.com%2Fliveblogs%2F2016%2F10%2Fsecond-presidential-debate-clinton-trump%2F503495%2F&referrer=http%3A%2F%2Fwww.theatlantic.com%2Ftechnology%2Farchive%2F2014%2F08%2Fwhat-good-is-all-this-tech-diversity-data-anyway%2F375829%2F&uid=47f18800-9075-11e4-87bd-22000b019853&cb=SPR.API.callbacks.cbbklmprinjhaxrabmaemi&ref_url=http%3A%2F%2Fwww.theatlantic.com%2Ftechnology%2Farchive%2F2014%2F08%2Fwhat-good-is-all-this-tech-diversity-data-anyway%2F375829%2F&cache_buster=1476109176074&t=5000&e=5000&s=990 HTTP/1.1 "
"70121","0.013423","184.72.236.244","192.168.0.13","HTTP","279","HTTP/1.1 200 OK  (GIF89a) (GIF89a) (image/gif)"
"70129","0.012205","107.20.207.188","192.168.0.13","HTTP","343","HTTP/1.1 200 OK  (application/javascript)"
"71694","0.013780","192.168.0.13","107.20.207.188","HTTP","1445","GET /t?channels=politics&date=2016-10-09T23%3A28%3A00&title=Donald%20Trump%27s%20Disastrous%20Debate&url=http%3A%2F%2Fwww.theatlantic.com%2Fliveblogs%2F2016%2F10%2Fsecond-presidential-debate-clinton-trump%2F503495%2F&authors=david-a-graham&pid=516eed0e4240cfbf3000002a&tags=&page_url=http%3A%2F%2Fwww.theatlantic.com%2Fliveblogs%2F2016%2F10%2Fsecond-presidential-debate-clinton-trump%2F503495%2F&referrer=http%3A%2F%2Fwww.theatlantic.com%2Ftechnology%2Farchive%2F2014%2F08%2Fwhat-good-is-all-this-tech-diversity-data-anyway%2F375829%2F&uid=47f18800-9075-11e4-87bd-22000b019853&cb=SPR.API.callbacks.cbckacffxlwtvryhkt&ref_url=http%3A%2F%2Fwww.theatlantic.com%2Ftechnology%2Farchive%2F2014%2F08%2Fwhat-good-is-all-this-tech-diversity-data-anyway%2F375829%2F&cache_buster=1476109176074&t=5000&e=5000&s=1238 HTTP/1.1 "
"71756","0.004015","107.20.207.188","192.168.0.13","HTTP","339","HTTP/1.1 200 OK  (application/javascript)"
"74895","0.008821","192.168.0.13","184.72.236.244","HTTP","1225","GET /ping?h=theatlantic.com&p=%2Fliveblogs%2F2016%2F10%2Fsecond-presidential-debate-clinton-trump%2F503495%2F&u=B14MNCBox9NLBBLolO&d=theatlantic.com&g=17396&g0=liveblog%2Cpolitics&g1=David%20A.%20Graham&n=0&f=f2021&c=17.75&x=1235&m=1240&y=62068&o=1279&w=632&j=30&R=1&W=0&I=0&E=49&e=10&v=%2Ftechnology%2Farchive%2F2014%2F08%2Fwhat-good-is-all-this-tech-diversity-data-anyway%2F375829%2F&K=655::10466::5iKpuBmikijB5zxlJBrsjzKD-aRud::*%5B%40id%3D%27article-most-popular%27%5D%2Fdiv%5B2%5D%2Ful%5B1%5D%2Fli%5B1%5D%2Fa%5B2%5D::c::http%3A%2F%2Fwww.theatlantic.com%2Fliveblogs%2F2016%2F10%2Fsecond-presidential-debate-clinton-trump%2F503495%2F::B8cka6CDl_ayC4asJvFX_0VDpOozT&b=9159&t=D_h_snf1zwDDqeb-RCLYCkaB4teGM&V=83&tz=240&sn=13&eS=7008&eM=7008&EE=78&_ HTTP/1.1 "
"74904","0.008574","192.168.0.13","107.20.207.188","HTTP","1451","GET /t?channels=politics&date=2016-10-09T23%3A28%3A00&title=Donald%20Trump%27s%20Disastrous%20Debate&url=http%3A%2F%2Fwww.theatlantic.com%2Fliveblogs%2F2016%2F10%2Fsecond-presidential-debate-clinton-trump%2F503495%2F&authors=david-a-graham&pid=516eed0e4240cfbf3000002a&tags=&page_url=http%3A%2F%2Fwww.theatlantic.com%2Fliveblogs%2F2016%2F10%2Fsecond-presidential-debate-clinton-trump%2F503495%2F&referrer=http%3A%2F%2Fwww.theatlantic.com%2Ftechnology%2Farchive%2F2014%2F08%2Fwhat-good-is-all-this-tech-diversity-data-anyway%2F375829%2F&uid=47f18800-9075-11e4-87bd-22000b019853&cb=SPR.API.callbacks.cbyvguxracmhjzyzycyuvvi&ref_url=http%3A%2F%2Fwww.theatlantic.com%2Ftechnology%2Farchive%2F2014%2F08%2Fwhat-good-is-all-this-tech-diversity-data-anyway%2F375829%2F&cache_buster=1476109176074&t=10000&e=5000&s=1235 HTTP/1.1 "
"74954","0.003358","184.72.236.244","192.168.0.13","HTTP","279","HTTP/1.1 200 OK  (GIF89a) (GIF89a) (image/gif)"
"74963","0.002680","107.20.207.188","192.168.0.13","HTTP","344","HTTP/1.1 200 OK  (application/javascript)"
"76594","0.002783","192.168.0.13","107.20.207.188","HTTP","1444","GET /t?channels=politics&date=2016-10-09T23%3A28%3A00&title=Donald%20Trump%27s%20Disastrous%20Debate&url=http%3A%2F%2Fwww.theatlantic.com%2Fliveblogs%2F2016%2F10%2Fsecond-presidential-debate-clinton-trump%2F503495%2F&authors=david-a-graham&pid=516eed0e4240cfbf3000002a&tags=&page_url=http%3A%2F%2Fwww.theatlantic.com%2Fliveblogs%2F2016%2F10%2Fsecond-presidential-debate-clinton-trump%2F503495%2F&referrer=http%3A%2F%2Fwww.theatlantic.com%2Ftechnology%2Farchive%2F2014%2F08%2Fwhat-good-is-all-this-tech-diversity-data-anyway%2F375829%2F&uid=47f18800-9075-11e4-87bd-22000b019853&cb=SPR.API.callbacks.cbubjvogbsufxdyxr&ref_url=http%3A%2F%2Fwww.theatlantic.com%2Ftechnology%2Farchive%2F2014%2F08%2Fwhat-good-is-all-this-tech-diversity-data-anyway%2F375829%2F&cache_buster=1476109176074&t=5000&e=5000&s=1649 HTTP/1.1 "
"76652","0.018169","107.20.207.188","192.168.0.13","HTTP","338","HTTP/1.1 200 OK  (application/javascript)"
"79732","0.007831","192.168.0.13","184.72.236.244","HTTP","1221","GET /ping?h=theatlantic.com&p=%2Fliveblogs%2F2016%2F10%2Fsecond-presidential-debate-clinton-trump%2F503495%2F&u=B14MNCBox9NLBBLolO&d=theatlantic.com&g=17396&g0=liveblog%2Cpolitics&g1=David%20A.%20Graham&n=0&f=f2021&c=18&x=1654&m=1654&y=62068&o=1279&w=632&j=30&R=1&W=0&I=0&E=57&e=8&v=%2Ftechnology%2Farchive%2F2014%2F08%2Fwhat-good-is-all-this-tech-diversity-data-anyway%2F375829%2F&K=655::10466::5iKpuBmikijB5zxlJBrsjzKD-aRud::*%5B%40id%3D%27article-most-popular%27%5D%2Fdiv%5B2%5D%2Ful%5B1%5D%2Fli%5B1%5D%2Fa%5B2%5D::c::http%3A%2F%2Fwww.theatlantic.com%2Fliveblogs%2F2016%2F10%2Fsecond-presidential-debate-clinton-trump%2F503495%2F::B8cka6CDl_ayC4asJvFX_0VDpOozT&b=9159&t=D_h_snf1zwDDqeb-RCLYCkaB4teGM&V=83&tz=240&sn=14&eS=2002&eM=2002&EE=93&_ HTTP/1.1 "
"79739","0.004474","192.168.0.13","107.20.207.188","HTTP","1449","GET /t?channels=politics&date=2016-10-09T23%3A28%3A00&title=Donald%20Trump%27s%20Disastrous%20Debate&url=http%3A%2F%2Fwww.theatlantic.com%2Fliveblogs%2F2016%2F10%2Fsecond-presidential-debate-clinton-trump%2F503495%2F&authors=david-a-graham&pid=516eed0e4240cfbf3000002a&tags=&page_url=http%3A%2F%2Fwww.theatlantic.com%2Fliveblogs%2F2016%2F10%2Fsecond-presidential-debate-clinton-trump%2F503495%2F&referrer=http%3A%2F%2Fwww.theatlantic.com%2Ftechnology%2Farchive%2F2014%2F08%2Fwhat-good-is-all-this-tech-diversity-data-anyway%2F375829%2F&uid=47f18800-9075-11e4-87bd-22000b019853&cb=SPR.API.callbacks.cbbssovgmtqmsguwgqcxr&ref_url=http%3A%2F%2Fwww.theatlantic.com%2Ftechnology%2Farchive%2F2014%2F08%2Fwhat-good-is-all-this-tech-diversity-data-anyway%2F375829%2F&cache_buster=1476109176074&t=10000&e=5000&s=1654 HTTP/1.1 "
"79787","0.012581","184.72.236.244","192.168.0.13","HTTP","279","HTTP/1.1 200 OK  (GIF89a) (GIF89a) (image/gif)"
"79798","0.003019","107.20.207.188","192.168.0.13","HTTP","342","HTTP/1.1 200 OK  (application/javascript)"
"81311","0.002706","192.168.0.13","107.20.207.188","HTTP","1446","GET /t?channels=politics&date=2016-10-09T23%3A28%3A00&title=Donald%20Trump%27s%20Disastrous%20Debate&url=http%3A%2F%2Fwww.theatlantic.com%2Fliveblogs%2F2016%2F10%2Fsecond-presidential-debate-clinton-trump%2F503495%2F&authors=david-a-graham&pid=516eed0e4240cfbf3000002a&tags=&page_url=http%3A%2F%2Fwww.theatlantic.com%2Fliveblogs%2F2016%2F10%2Fsecond-presidential-debate-clinton-trump%2F503495%2F&referrer=http%3A%2F%2Fwww.theatlantic.com%2Ftechnology%2Farchive%2F2014%2F08%2Fwhat-good-is-all-this-tech-diversity-data-anyway%2F375829%2F&uid=47f18800-9075-11e4-87bd-22000b019853&cb=SPR.API.callbacks.cbcjeqbftbuimvfmkji&ref_url=http%3A%2F%2Fwww.theatlantic.com%2Ftechnology%2Farchive%2F2014%2F08%2Fwhat-good-is-all-this-tech-diversity-data-anyway%2F375829%2F&cache_buster=1476109176074&t=5000&e=5000&s=2093 HTTP/1.1 "
"81355","0.011851","107.20.207.188","192.168.0.13","HTTP","340","HTTP/1.1 200 OK  (application/javascript)"
"82947","0.006725","192.168.0.13","107.20.207.188","HTTP","1447","GET /t?channels=politics&date=2016-10-09T23%3A28%3A00&title=Donald%20Trump%27s%20Disastrous%20Debate&url=http%3A%2F%2Fwww.theatlantic.com%2Fliveblogs%2F2016%2F10%2Fsecond-presidential-debate-clinton-trump%2F503495%2F&authors=david-a-graham&pid=516eed0e4240cfbf3000002a&tags=&page_url=http%3A%2F%2Fwww.theatlantic.com%2Fliveblogs%2F2016%2F10%2Fsecond-presidential-debate-clinton-trump%2F503495%2F&referrer=http%3A%2F%2Fwww.theatlantic.com%2Ftechnology%2Farchive%2F2014%2F08%2Fwhat-good-is-all-this-tech-diversity-data-anyway%2F375829%2F&uid=47f18800-9075-11e4-87bd-22000b019853&cb=SPR.API.callbacks.cbuwhenltsgkexwqgdsi&ref_url=http%3A%2F%2Fwww.theatlantic.com%2Ftechnology%2Farchive%2F2014%2F08%2Fwhat-good-is-all-this-tech-diversity-data-anyway%2F375829%2F&cache_buster=1476109176074&t=5000&e=5000&s=2385 HTTP/1.1 "
"83013","0.001881","107.20.207.188","192.168.0.13","HTTP","341","HTTP/1.1 200 OK  (application/javascript)"
"84514","0.005904","192.168.0.13","184.72.236.244","HTTP","1226","GET /ping?h=theatlantic.com&p=%2Fliveblogs%2F2016%2F10%2Fsecond-presidential-debate-clinton-trump%2F503495%2F&u=B14MNCBox9NLBBLolO&d=theatlantic.com&g=17396&g0=liveblog%2Cpolitics&g1=David%20A.%20Graham&n=0&f=f2021&c=18.25&x=2385&m=2385&y=62068&o=1279&w=632&j=30&R=1&W=0&I=0&E=69&e=12&v=%2Ftechnology%2Farchive%2F2014%2F08%2Fwhat-good-is-all-this-tech-diversity-data-anyway%2F375829%2F&K=655::10466::5iKpuBmikijB5zxlJBrsjzKD-aRud::*%5B%40id%3D%27article-most-popular%27%5D%2Fdiv%5B2%5D%2Ful%5B1%5D%2Fli%5B1%5D%2Fa%5B2%5D::c::http%3A%2F%2Fwww.theatlantic.com%2Fliveblogs%2F2016%2F10%2Fsecond-presidential-debate-clinton-trump%2F503495%2F::B8cka6CDl_ayC4asJvFX_0VDpOozT&b=9159&t=D_h_snf1zwDDqeb-RCLYCkaB4teGM&V=83&tz=240&sn=15&eS=1e00&eM=1e02&EE=108&_ HTTP/1.1 "
"84515","0.013415","192.168.0.13","107.20.207.188","HTTP","1446","GET /t?channels=politics&date=2016-10-09T23%3A28%3A00&title=Donald%20Trump%27s%20Disastrous%20Debate&url=http%3A%2F%2Fwww.theatlantic.com%2Fliveblogs%2F2016%2F10%2Fsecond-presidential-debate-clinton-trump%2F503495%2F&authors=david-a-graham&pid=516eed0e4240cfbf3000002a&tags=&page_url=http%3A%2F%2Fwww.theatlantic.com%2Fliveblogs%2F2016%2F10%2Fsecond-presidential-debate-clinton-trump%2F503495%2F&referrer=http%3A%2F%2Fwww.theatlantic.com%2Ftechnology%2Farchive%2F2014%2F08%2Fwhat-good-is-all-this-tech-diversity-data-anyway%2F375829%2F&uid=47f18800-9075-11e4-87bd-22000b019853&cb=SPR.API.callbacks.cbncpizkxzimcihslji&ref_url=http%3A%2F%2Fwww.theatlantic.com%2Ftechnology%2Farchive%2F2014%2F08%2Fwhat-good-is-all-this-tech-diversity-data-anyway%2F375829%2F&cache_buster=1476109176074&t=5000&e=5000&s=2385 HTTP/1.1 "
"84564","0.012984","184.72.236.244","192.168.0.13","HTTP","279","HTTP/1.1 200 OK  (GIF89a) (GIF89a) (image/gif)"
"84569","0.000004","107.20.207.188","192.168.0.13","HTTP","340","HTTP/1.1 200 OK  (application/javascript)"
"86191","0.000440","192.168.0.13","184.72.236.244","HTTP","1262","GET /ping?h=theatlantic.com&p=%2Fpolitics%2Farchive%2F2016%2F10%2Fhow-trump-could-become-a-political-black-hole-for-the-gop%2F503489%2F&u=B14MNCBox9NLBBLolO&d=theatlantic.com&g=17396&g0=politics&g1=Ronald%20Brownstein&n=0&f=f2021&c=17.52&x=0&m=0&y=11455&o=1279&w=632&j=270&R=0&W=0&I=1&E=0&e=0&v=%2Ftechnology%2Farchive%2F2014%2F08%2Fwhat-good-is-all-this-tech-diversity-data-anyway%2F375829%2F&K=655::12310::BWJAQwCw_d1B_Rs5_kr9VFCiZhnT::*%5B%40id%3D%27article-most-popular%27%5D%2Fdiv%5B2%5D%2Ful%5B1%5D%2Fli%5B6%5D%2Fa%5B1%5D::c::http%3A%2F%2Fwww.theatlantic.com%2Fpolitics%2Farchive%2F2016%2F10%2Fhow-trump-could-become-a-political-black-hole-for-the-gop%2F503489%2F::7SvDgCSaAe9Dr1RgO4jSBVDiLleJ&b=598&t=DbJD6UCMuWXznSlAUDmWIgOCPcrpk&V=83&tz=240&sn=8&EE=0&_ HTTP/1.1 "
"86251","0.001817","184.72.236.244","192.168.0.13","HTTP","279","HTTP/1.1 200 OK  (GIF89a) (GIF89a) (image/gif)"
"89335","0.003051","192.168.0.13","184.72.236.244","HTTP","1216","GET /ping?h=theatlantic.com&p=%2Fliveblogs%2F2016%2F10%2Fsecond-presidential-debate-clinton-trump%2F503495%2F&u=B14MNCBox9NLBBLolO&d=theatlantic.com&g=17396&g0=liveblog%2Cpolitics&g1=David%20A.%20Graham&n=0&f=f2021&c=18.5&x=2385&m=2385&y=62068&o=1279&w=632&j=30&R=1&W=0&I=0&E=74&e=5&v=%2Ftechnology%2Farchive%2F2014%2F08%2Fwhat-good-is-all-this-tech-diversity-data-anyway%2F375829%2F&K=655::10466::5iKpuBmikijB5zxlJBrsjzKD-aRud::*%5B%40id%3D%27article-most-popular%27%5D%2Fdiv%5B2%5D%2Ful%5B1%5D%2Fli%5B1%5D%2Fa%5B2%5D::c::http%3A%2F%2Fwww.theatlantic.com%2Fliveblogs%2F2016%2F10%2Fsecond-presidential-debate-clinton-trump%2F503495%2F::B8cka6CDl_ayC4asJvFX_0VDpOozT&b=9159&t=D_h_snf1zwDDqeb-RCLYCkaB4teGM&V=83&tz=240&sn=16&eM=0003&EE=120&_ HTTP/1.1 "
"89339","0.006990","192.168.0.13","107.20.207.188","HTTP","1450","GET /t?channels=politics&date=2016-10-09T23%3A28%3A00&title=Donald%20Trump%27s%20Disastrous%20Debate&url=http%3A%2F%2Fwww.theatlantic.com%2Fliveblogs%2F2016%2F10%2Fsecond-presidential-debate-clinton-trump%2F503495%2F&authors=david-a-graham&pid=516eed0e4240cfbf3000002a&tags=&page_url=http%3A%2F%2Fwww.theatlantic.com%2Fliveblogs%2F2016%2F10%2Fsecond-presidential-debate-clinton-trump%2F503495%2F&referrer=http%3A%2F%2Fwww.theatlantic.com%2Ftechnology%2Farchive%2F2014%2F08%2Fwhat-good-is-all-this-tech-diversity-data-anyway%2F375829%2F&uid=47f18800-9075-11e4-87bd-22000b019853&cb=SPR.API.callbacks.cbuddntckdmbxyrsdlhaor&ref_url=http%3A%2F%2Fwww.theatlantic.com%2Ftechnology%2Farchive%2F2014%2F08%2Fwhat-good-is-all-this-tech-diversity-data-anyway%2F375829%2F&cache_buster=1476109176074&t=15000&e=5000&s=2385 HTTP/1.1 "
"89381","0.008817","184.72.236.244","192.168.0.13","HTTP","279","HTTP/1.1 200 OK  (GIF89a) (GIF89a) (image/gif)"
"89386","0.004079","107.20.207.188","192.168.0.13","HTTP","343","HTTP/1.1 200 OK  (application/javascript)"
"90930","0.000473","192.168.0.13","107.20.207.188","HTTP","1444","GET /t?channels=politics&date=2016-10-09T23%3A28%3A00&title=Donald%20Trump%27s%20Disastrous%20Debate&url=http%3A%2F%2Fwww.theatlantic.com%2Fliveblogs%2F2016%2F10%2Fsecond-presidential-debate-clinton-trump%2F503495%2F&authors=david-a-graham&pid=516eed0e4240cfbf3000002a&tags=&page_url=http%3A%2F%2Fwww.theatlantic.com%2Fliveblogs%2F2016%2F10%2Fsecond-presidential-debate-clinton-trump%2F503495%2F&referrer=http%3A%2F%2Fwww.theatlantic.com%2Ftechnology%2Farchive%2F2014%2F08%2Fwhat-good-is-all-this-tech-diversity-data-anyway%2F375829%2F&uid=47f18800-9075-11e4-87bd-22000b019853&cb=SPR.API.callbacks.cbljgfzpyhddhnzmi&ref_url=http%3A%2F%2Fwww.theatlantic.com%2Ftechnology%2Farchive%2F2014%2F08%2Fwhat-good-is-all-this-tech-diversity-data-anyway%2F375829%2F&cache_buster=1476109176074&t=5000&e=5000&s=2577 HTTP/1.1 "
"90981","0.001740","107.20.207.188","192.168.0.13","HTTP","338","HTTP/1.1 200 OK  (application/javascript)"
"92963","0.012045","192.168.0.13","184.72.236.244","HTTP","1270","GET /ping?h=theatlantic.com&p=%2Fentertainment%2Farchive%2F2016%2F10%2Fneck-and-neck-the-long-and-short-history-of-the-choker%2F503315%2F&u=B14MNCBox9NLBBLolO&d=theatlantic.com&g=17396&g0=entertainment&g1=Megan%20Garber&n=0&f=f2021&c=17.51&x=0&m=0&y=10679&o=1279&w=632&j=270&R=0&W=0&I=1&E=0&e=0&v=%2Ftechnology%2Farchive%2F2014%2F08%2Fwhat-good-is-all-this-tech-diversity-data-anyway%2F375829%2F&K=655::13508::xcVPpCguti5CvHlk_CtYwPKoAggy::*%5B%40id%3D%27article-most-popular%27%5D%2Fdiv%5B2%5D%2Ful%5B1%5D%2Fli%5B8%5D%2Fa%5B2%5D::c::http%3A%2F%2Fwww.theatlantic.com%2Fentertainment%2Farchive%2F2016%2F10%2Fneck-and-neck-the-long-and-short-history-of-the-choker%2F503315%2F::D1hmk-B3qqCXB4_fqoDu-CwvB8Ilzk&b=556&t=BrfCNpxb9niDIB2mkD2888hBG87Lp&V=83&tz=240&sn=8&EE=0&_ HTTP/1.1 "
"93021","0.001398","184.72.236.244","192.168.0.13","HTTP","279","HTTP/1.1 200 OK  (GIF89a) (GIF89a) (image/gif)"
"94154","0.008176","192.168.0.13","184.72.236.244","HTTP","1226","GET /ping?h=theatlantic.com&p=%2Fliveblogs%2F2016%2F10%2Fsecond-presidential-debate-clinton-trump%2F503495%2F&u=B14MNCBox9NLBBLolO&d=theatlantic.com&g=17396&g0=liveblog%2Cpolitics&g1=David%20A.%20Graham&n=0&f=f2021&c=18.75&x=2577&m=2577&y=62068&o=1279&w=632&j=30&R=1&W=0&I=0&E=84&e=10&v=%2Ftechnology%2Farchive%2F2014%2F08%2Fwhat-good-is-all-this-tech-diversity-data-anyway%2F375829%2F&K=655::10466::5iKpuBmikijB5zxlJBrsjzKD-aRud::*%5B%40id%3D%27article-most-popular%27%5D%2Fdiv%5B2%5D%2Ful%5B1%5D%2Fli%5B1%5D%2Fa%5B2%5D::c::http%3A%2F%2Fwww.theatlantic.com%2Fliveblogs%2F2016%2F10%2Fsecond-presidential-debate-clinton-trump%2F503495%2F::B8cka6CDl_ayC4asJvFX_0VDpOozT&b=9159&t=D_h_snf1zwDDqeb-RCLYCkaB4teGM&V=83&tz=240&sn=17&eS=1e00&eM=0600&EE=135&_ HTTP/1.1 "
"94212","0.000373","184.72.236.244","192.168.0.13","HTTP","279","HTTP/1.1 200 OK  (GIF89a) (GIF89a) (image/gif)"
"97308","0.000436","192.168.0.13","107.20.207.188","HTTP","1449","GET /t?channels=politics&date=2016-10-09T23%3A28%3A00&title=Donald%20Trump%27s%20Disastrous%20Debate&url=http%3A%2F%2Fwww.theatlantic.com%2Fliveblogs%2F2016%2F10%2Fsecond-presidential-debate-clinton-trump%2F503495%2F&authors=david-a-graham&pid=516eed0e4240cfbf3000002a&tags=&page_url=http%3A%2F%2Fwww.theatlantic.com%2Fliveblogs%2F2016%2F10%2Fsecond-presidential-debate-clinton-trump%2F503495%2F&referrer=http%3A%2F%2Fwww.theatlantic.com%2Ftechnology%2Farchive%2F2014%2F08%2Fwhat-good-is-all-this-tech-diversity-data-anyway%2F375829%2F&uid=47f18800-9075-11e4-87bd-22000b019853&cb=SPR.API.callbacks.cboacxnpgrjokdgharlik&ref_url=http%3A%2F%2Fwww.theatlantic.com%2Ftechnology%2Farchive%2F2014%2F08%2Fwhat-good-is-all-this-tech-diversity-data-anyway%2F375829%2F&cache_buster=1476109176074&t=20000&e=5000&s=2810 HTTP/1.1 "
"97361","0.011345","107.20.207.188","192.168.0.13","HTTP","342","HTTP/1.1 200 OK  (application/javascript)"
"98968","0.005449","192.168.0.13","184.72.236.244","HTTP","1222","GET /ping?h=theatlantic.com&p=%2Fliveblogs%2F2016%2F10%2Fsecond-presidential-debate-clinton-trump%2F503495%2F&u=B14MNCBox9NLBBLolO&d=theatlantic.com&g=17396&g0=liveblog%2Cpolitics&g1=David%20A.%20Graham&n=0&f=f2021&c=19&x=2941&m=2941&y=62068&o=1279&w=632&j=30&R=1&W=0&I=0&E=93&e=9&v=%2Ftechnology%2Farchive%2F2014%2F08%2Fwhat-good-is-all-this-tech-diversity-data-anyway%2F375829%2F&K=655::10466::5iKpuBmikijB5zxlJBrsjzKD-aRud::*%5B%40id%3D%27article-most-popular%27%5D%2Fdiv%5B2%5D%2Ful%5B1%5D%2Fli%5B1%5D%2Fa%5B2%5D::c::http%3A%2F%2Fwww.theatlantic.com%2Fliveblogs%2F2016%2F10%2Fsecond-presidential-debate-clinton-trump%2F503495%2F::B8cka6CDl_ayC4asJvFX_0VDpOozT&b=9159&t=D_h_snf1zwDDqeb-RCLYCkaB4teGM&V=83&tz=240&sn=18&eS=037f&eM=013a&EE=150&_ HTTP/1.1 "
"98971","0.005061","192.168.0.13","107.20.207.188","HTTP","1448","GET /t?channels=politics&date=2016-10-09T23%3A28%3A00&title=Donald%20Trump%27s%20Disastrous%20Debate&url=http%3A%2F%2Fwww.theatlantic.com%2Fliveblogs%2F2016%2F10%2Fsecond-presidential-debate-clinton-trump%2F503495%2F&authors=david-a-graham&pid=516eed0e4240cfbf3000002a&tags=&page_url=http%3A%2F%2Fwww.theatlantic.com%2Fliveblogs%2F2016%2F10%2Fsecond-presidential-debate-clinton-trump%2F503495%2F&referrer=http%3A%2F%2Fwww.theatlantic.com%2Ftechnology%2Farchive%2F2014%2F08%2Fwhat-good-is-all-this-tech-diversity-data-anyway%2F375829%2F&uid=47f18800-9075-11e4-87bd-22000b019853&cb=SPR.API.callbacks.cbwhikovictnahsrlclfr&ref_url=http%3A%2F%2Fwww.theatlantic.com%2Ftechnology%2Farchive%2F2014%2F08%2Fwhat-good-is-all-this-tech-diversity-data-anyway%2F375829%2F&cache_buster=1476109176074&t=5000&e=5000&s=2960 HTTP/1.1 "
"99018","0.007508","184.72.236.244","192.168.0.13","HTTP","279","HTTP/1.1 200 OK  (GIF89a) (GIF89a) (image/gif)"
"99025","0.000020","107.20.207.188","192.168.0.13","HTTP","342","HTTP/1.1 200 OK  (application/javascript)"
"100582","0.002179","192.168.0.13","107.20.207.188","HTTP","1445","GET /t?channels=politics&date=2016-10-09T23%3A28%3A00&title=Donald%20Trump%27s%20Disastrous%20Debate&url=http%3A%2F%2Fwww.theatlantic.com%2Fliveblogs%2F2016%2F10%2Fsecond-presidential-debate-clinton-trump%2F503495%2F&authors=david-a-graham&pid=516eed0e4240cfbf3000002a&tags=&page_url=http%3A%2F%2Fwww.theatlantic.com%2Fliveblogs%2F2016%2F10%2Fsecond-presidential-debate-clinton-trump%2F503495%2F&referrer=http%3A%2F%2Fwww.theatlantic.com%2Ftechnology%2Farchive%2F2014%2F08%2Fwhat-good-is-all-this-tech-diversity-data-anyway%2F375829%2F&uid=47f18800-9075-11e4-87bd-22000b019853&cb=SPR.API.callbacks.cbjnyvfundckrsgoor&ref_url=http%3A%2F%2Fwww.theatlantic.com%2Ftechnology%2Farchive%2F2014%2F08%2Fwhat-good-is-all-this-tech-diversity-data-anyway%2F375829%2F&cache_buster=1476109176074&t=5000&e=5000&s=3307 HTTP/1.1 "
"100639","0.000396","107.20.207.188","192.168.0.13","HTTP","339","HTTP/1.1 200 OK  (application/javascript)"
"103680","0.000057","192.168.0.13","184.72.236.244","HTTP","1227","GET /ping?h=theatlantic.com&p=%2Fliveblogs%2F2016%2F10%2Fsecond-presidential-debate-clinton-trump%2F503495%2F&u=B14MNCBox9NLBBLolO&d=theatlantic.com&g=17396&g0=liveblog%2Cpolitics&g1=David%20A.%20Graham&n=0&f=f2021&c=19.25&x=4104&m=4104&y=62068&o=1279&w=632&j=30&R=1&W=0&I=0&E=104&e=11&v=%2Ftechnology%2Farchive%2F2014%2F08%2Fwhat-good-is-all-this-tech-diversity-data-anyway%2F375829%2F&K=655::10466::5iKpuBmikijB5zxlJBrsjzKD-aRud::*%5B%40id%3D%27article-most-popular%27%5D%2Fdiv%5B2%5D%2Ful%5B1%5D%2Fli%5B1%5D%2Fa%5B2%5D::c::http%3A%2F%2Fwww.theatlantic.com%2Fliveblogs%2F2016%2F10%2Fsecond-presidential-debate-clinton-trump%2F503495%2F::B8cka6CDl_ayC4asJvFX_0VDpOozT&b=9159&t=D_h_snf1zwDDqeb-RCLYCkaB4teGM&V=83&tz=240&sn=19&eS=480f&eM=7807&EE=165&_ HTTP/1.1 "
"103690","0.000656","192.168.0.13","107.20.207.188","HTTP","1449","GET /t?channels=politics&date=2016-10-09T23%3A28%3A00&title=Donald%20Trump%27s%20Disastrous%20Debate&url=http%3A%2F%2Fwww.theatlantic.com%2Fliveblogs%2F2016%2F10%2Fsecond-presidential-debate-clinton-trump%2F503495%2F&authors=david-a-graham&pid=516eed0e4240cfbf3000002a&tags=&page_url=http%3A%2F%2Fwww.theatlantic.com%2Fliveblogs%2F2016%2F10%2Fsecond-presidential-debate-clinton-trump%2F503495%2F&referrer=http%3A%2F%2Fwww.theatlantic.com%2Ftechnology%2Farchive%2F2014%2F08%2Fwhat-good-is-all-this-tech-diversity-data-anyway%2F375829%2F&uid=47f18800-9075-11e4-87bd-22000b019853&cb=SPR.API.callbacks.cbsaxjqeviqgmuvtxzuxr&ref_url=http%3A%2F%2Fwww.theatlantic.com%2Ftechnology%2Farchive%2F2014%2F08%2Fwhat-good-is-all-this-tech-diversity-data-anyway%2F375829%2F&cache_buster=1476109176074&t=10000&e=5000&s=4104 HTTP/1.1 "
"103733","0.005416","184.72.236.244","192.168.0.13","HTTP","279","HTTP/1.1 200 OK  (GIF89a) (GIF89a) (image/gif)"
"103741","0.010458","107.20.207.188","192.168.0.13","HTTP","342","HTTP/1.1 200 OK  (application/javascript)"
"105247","0.008973","192.168.0.13","107.20.207.188","HTTP","1449","GET /t?channels=politics&date=2016-10-09T23%3A28%3A00&title=Donald%20Trump%27s%20Disastrous%20Debate&url=http%3A%2F%2Fwww.theatlantic.com%2Fliveblogs%2F2016%2F10%2Fsecond-presidential-debate-clinton-trump%2F503495%2F&authors=david-a-graham&pid=516eed0e4240cfbf3000002a&tags=&page_url=http%3A%2F%2Fwww.theatlantic.com%2Fliveblogs%2F2016%2F10%2Fsecond-presidential-debate-clinton-trump%2F503495%2F&referrer=http%3A%2F%2Fwww.theatlantic.com%2Ftechnology%2Farchive%2F2014%2F08%2Fwhat-good-is-all-this-tech-diversity-data-anyway%2F375829%2F&uid=47f18800-9075-11e4-87bd-22000b019853&cb=SPR.API.callbacks.cbrflhkamzfkqghpvutbji&ref_url=http%3A%2F%2Fwww.theatlantic.com%2Ftechnology%2Farchive%2F2014%2F08%2Fwhat-good-is-all-this-tech-diversity-data-anyway%2F375829%2F&cache_buster=1476109176074&t=5000&e=5000&s=4104 HTTP/1.1 "
"105298","0.002722","107.20.207.188","192.168.0.13","HTTP","343","HTTP/1.1 200 OK  (application/javascript)"
"106893","0.010323","192.168.0.13","107.20.207.188","HTTP","1449","GET /t?channels=politics&date=2016-10-09T23%3A28%3A00&title=Donald%20Trump%27s%20Disastrous%20Debate&url=http%3A%2F%2Fwww.theatlantic.com%2Fliveblogs%2F2016%2F10%2Fsecond-presidential-debate-clinton-trump%2F503495%2F&authors=david-a-graham&pid=516eed0e4240cfbf3000002a&tags=&page_url=http%3A%2F%2Fwww.theatlantic.com%2Fliveblogs%2F2016%2F10%2Fsecond-presidential-debate-clinton-trump%2F503495%2F&referrer=http%3A%2F%2Fwww.theatlantic.com%2Ftechnology%2Farchive%2F2014%2F08%2Fwhat-good-is-all-this-tech-diversity-data-anyway%2F375829%2F&uid=47f18800-9075-11e4-87bd-22000b019853&cb=SPR.API.callbacks.cbrnoqomkazoshzzjimcdi&ref_url=http%3A%2F%2Fwww.theatlantic.com%2Ftechnology%2Farchive%2F2014%2F08%2Fwhat-good-is-all-this-tech-diversity-data-anyway%2F375829%2F&cache_buster=1476109176074&t=5000&e=5000&s=4741 HTTP/1.1 "
"106935","0.012175","107.20.207.188","192.168.0.13","HTTP","343","HTTP/1.1 200 OK  (application/javascript)"
"108410","0.004183","192.168.0.13","184.72.236.244","HTTP","889","GET /ping?h=theatlantic.com&p=%2Ftechnology%2Farchive%2F2014%2F08%2Fwhat-good-is-all-this-tech-diversity-data-anyway%2F375829%2F&u=B14MNCBox9NLBBLolO&d=theatlantic.com&g=17396&g0=technology%2Csexes&g1=Adrienne%20LaFrance&n=0&f=f2021&c=9.02&x=2538&m=2538&y=16367&o=1279&w=632&j=270&R=0&W=0&I=1&E=0&e=0&r=https%3A%2F%2Fwww.google.com%2F&b=754&t=DDkvsFBu__FKC01nxrjdeSBprouy&V=83&tz=240&sn=6&EE=0&_ HTTP/1.1 "
"108461","0.014345","184.72.236.244","192.168.0.13","HTTP","279","HTTP/1.1 200 OK  (GIF89a) (GIF89a) (image/gif)"
"108481","0.017122","192.168.0.13","184.72.236.244","HTTP","1226","GET /ping?h=theatlantic.com&p=%2Fliveblogs%2F2016%2F10%2Fsecond-presidential-debate-clinton-trump%2F503495%2F&u=B14MNCBox9NLBBLolO&d=theatlantic.com&g=17396&g0=liveblog%2Cpolitics&g1=David%20A.%20Graham&n=0&f=f2021&c=19.5&x=5157&m=5157&y=62068&o=1279&w=632&j=30&R=1&W=0&I=0&E=116&e=12&v=%2Ftechnology%2Farchive%2F2014%2F08%2Fwhat-good-is-all-this-tech-diversity-data-anyway%2F375829%2F&K=655::10466::5iKpuBmikijB5zxlJBrsjzKD-aRud::*%5B%40id%3D%27article-most-popular%27%5D%2Fdiv%5B2%5D%2Ful%5B1%5D%2Fli%5B1%5D%2Fa%5B2%5D::c::http%3A%2F%2Fwww.theatlantic.com%2Fliveblogs%2F2016%2F10%2Fsecond-presidential-debate-clinton-trump%2F503495%2F::B8cka6CDl_ayC4asJvFX_0VDpOozT&b=9159&t=D_h_snf1zwDDqeb-RCLYCkaB4teGM&V=83&tz=240&sn=20&eS=00f3&eM=4051&EE=180&_ HTTP/1.1 "
"108488","0.005260","192.168.0.13","107.20.207.188","HTTP","1445","GET /t?channels=politics&date=2016-10-09T23%3A28%3A00&title=Donald%20Trump%27s%20Disastrous%20Debate&url=http%3A%2F%2Fwww.theatlantic.com%2Fliveblogs%2F2016%2F10%2Fsecond-presidential-debate-clinton-trump%2F503495%2F&authors=david-a-graham&pid=516eed0e4240cfbf3000002a&tags=&page_url=http%3A%2F%2Fwww.theatlantic.com%2Fliveblogs%2F2016%2F10%2Fsecond-presidential-debate-clinton-trump%2F503495%2F&referrer=http%3A%2F%2Fwww.theatlantic.com%2Ftechnology%2Farchive%2F2014%2F08%2Fwhat-good-is-all-this-tech-diversity-data-anyway%2F375829%2F&uid=47f18800-9075-11e4-87bd-22000b019853&cb=SPR.API.callbacks.cbyibppceaizqqkgmn&ref_url=http%3A%2F%2Fwww.theatlantic.com%2Ftechnology%2Farchive%2F2014%2F08%2Fwhat-good-is-all-this-tech-diversity-data-anyway%2F375829%2F&cache_buster=1476109176074&t=5000&e=5000&s=5184 HTTP/1.1 "
"108541","0.001957","107.20.207.188","192.168.0.13","HTTP","339","HTTP/1.1 200 OK  (application/javascript)"
"108556","0.002384","184.72.236.244","192.168.0.13","HTTP","279","HTTP/1.1 200 OK  (GIF89a) (GIF89a) (image/gif)"
"111535","0.000000","192.168.0.13","107.20.207.188","HTTP","122","GET /t?channels=politics&date=2016-10-09T04%3A00%3A00&title=How%20Trump%20Could%20Become%20a%20%27Political%20Black%20Hole%27%20for%20the%20GOP&url=http%3A%2F%2Fwww.theatlantic.com%2Fpolitics%2Farchive%2F2016%2F10%2Fhow-trump-could-become-a-political-black-hole-for-the-gop%2F503489%2F&authors=ronald-brownstein&pid=516eed0e4240cfbf3000002a&tags=&page_url=http%3A%2F%2Fwww.theatlantic.com%2Fpolitics%2Farchive%2F2016%2F10%2Fhow-trump-could-become-a-political-black-hole-for-the-gop%2F503489%2F&referrer=http%3A%2F%2Fwww.theatlantic.com%2Ftechnology%2Farchive%2F2014%2F08%2Fwhat-good-is-all-this-tech-diversity-data-anyway%2F375829%2F&uid=47f18800-9075-11e4-87bd-22000b019853&cb=SPR.API.callbacks.cbvqyketlfwaungbhyfor&ref_url=http%3A%2F%2Fwww.theatlantic.com%2Ftechnology%2Farchive%2F2014%2F08%2Fwhat-good-is-all-this-tech-diversity-data-anyway%2F375829%2F&cache_buster=1476109225424&t=1125000&e=5000&s=0 HTTP/1.1 "
"111593","0.001119","107.20.207.188","192.168.0.13","HTTP","342","HTTP/1.1 200 OK  (application/javascript)"
"115103","0.000151","192.168.0.13","184.72.236.244","HTTP","1371","GET /ping?h=theatlantic.com&p=%2Fpolitics%2Farchive%2F2016%2F10%2Fhow-trump-could-become-a-political-black-hole-for-the-gop%2F503489%2F&u=B14MNCBox9NLBBLolO&d=theatlantic.com&g=17396&g0=politics&g1=Ronald%20Brownstein&n=0&f=f2021&c=19.02&x=0&m=0&y=11455&o=1279&w=632&j=30&R=1&W=0&I=0&E=1&e=1&v=%2Ftechnology%2Farchive%2F2014%2F08%2Fwhat-good-is-all-this-tech-diversity-data-anyway%2F375829%2F&K=655::12310::BWJAQwCw_d1B_Rs5_kr9VFCiZhnT::*%5B%40id%3D%27article-most-popular%27%5D%2Fdiv%5B2%5D%2Ful%5B1%5D%2Fli%5B6%5D%2Fa%5B1%5D::c::http%3A%2F%2Fwww.theatlantic.com%2Fpolitics%2Farchive%2F2016%2F10%2Fhow-trump-could-become-a-political-black-hole-for-the-gop%2F503489%2F::7SvDgCSaAe9Dr1RgO4jSBVDiLleJ&b=598&t=DbJD6UCMuWXznSlAUDmWIgOCPcrpk&V=83&z=t%3DD_h_snf1zwDDqeb-RCLYCkaB4teGM%26E%3D119%26EE%3D183%26x%3D5370%26c%3D19.55%26y%3D62068%26w%3D632&tz=240&sn=9&eM=2400&EE=1&_ HTTP/1.1 "
"115154","0.002013","184.72.236.244","192.168.0.13","HTTP","279","HTTP/1.1 200 OK  (GIF89a) (GIF89a) (image/gif)"
"121578","0.008196","192.168.0.13","184.72.236.244","HTTP","1262","GET /ping?h=theatlantic.com&p=%2Fpolitics%2Farchive%2F2016%2F10%2Fhow-trump-could-become-a-political-black-hole-for-the-gop%2F503489%2F&u=B14MNCBox9NLBBLolO&d=theatlantic.com&g=17396&g0=politics&g1=Ronald%20Brownstein&n=0&f=f2021&c=19.27&x=0&m=0&y=11455&o=1279&w=632&j=45&R=0&W=0&I=1&E=1&e=0&v=%2Ftechnology%2Farchive%2F2014%2F08%2Fwhat-good-is-all-this-tech-diversity-data-anyway%2F375829%2F&K=655::12310::BWJAQwCw_d1B_Rs5_kr9VFCiZhnT::*%5B%40id%3D%27article-most-popular%27%5D%2Fdiv%5B2%5D%2Ful%5B1%5D%2Fli%5B6%5D%2Fa%5B1%5D::c::http%3A%2F%2Fwww.theatlantic.com%2Fpolitics%2Farchive%2F2016%2F10%2Fhow-trump-could-become-a-political-black-hole-for-the-gop%2F503489%2F::7SvDgCSaAe9Dr1RgO4jSBVDiLleJ&b=598&t=DbJD6UCMuWXznSlAUDmWIgOCPcrpk&V=83&tz=240&sn=10&EE=1&_ HTTP/1.1 "
"121634","0.002394","184.72.236.244","192.168.0.13","HTTP","279","HTTP/1.1 200 OK  (GIF89a) (GIF89a) (image/gif)"
"136946","0.024625","192.168.0.13","184.72.236.244","HTTP","1262","GET /ping?h=theatlantic.com&p=%2Fpolitics%2Farchive%2F2016%2F10%2Fhow-trump-could-become-a-political-black-hole-for-the-gop%2F503489%2F&u=B14MNCBox9NLBBLolO&d=theatlantic.com&g=17396&g0=politics&g1=Ronald%20Brownstein&n=0&f=f2021&c=19.77&x=0&m=0&y=11455&o=1279&w=632&j=60&R=0&W=0&I=1&E=1&e=0&v=%2Ftechnology%2Farchive%2F2014%2F08%2Fwhat-good-is-all-this-tech-diversity-data-anyway%2F375829%2F&K=655::12310::BWJAQwCw_d1B_Rs5_kr9VFCiZhnT::*%5B%40id%3D%27article-most-popular%27%5D%2Fdiv%5B2%5D%2Ful%5B1%5D%2Fli%5B6%5D%2Fa%5B1%5D::c::http%3A%2F%2Fwww.theatlantic.com%2Fpolitics%2Farchive%2F2016%2F10%2Fhow-trump-could-become-a-political-black-hole-for-the-gop%2F503489%2F::7SvDgCSaAe9Dr1RgO4jSBVDiLleJ&b=598&t=DbJD6UCMuWXznSlAUDmWIgOCPcrpk&V=83&tz=240&sn=11&EE=1&_ HTTP/1.1 "
"137001","0.014823","184.72.236.244","192.168.0.13","HTTP","279","HTTP/1.1 200 OK  (GIF89a) (GIF89a) (image/gif)"
"143964","0.000010","192.168.0.13","151.101.20.68","HTTP","423","GET /sitepoint/images/emoji/emoji_one/smile.png?v=0 HTTP/1.1 "
"144106","0.000499","151.101.20.68","192.168.0.13","HTTP","1191","HTTP/1.1 200 OK  (PNG)"
"154921","0.000026","192.168.0.13","184.72.236.244","HTTP","1262","GET /ping?h=theatlantic.com&p=%2Fpolitics%2Farchive%2F2016%2F10%2Fhow-trump-could-become-a-political-black-hole-for-the-gop%2F503489%2F&u=B14MNCBox9NLBBLolO&d=theatlantic.com&g=17396&g0=politics&g1=Ronald%20Brownstein&n=0&f=f2021&c=20.52&x=0&m=0&y=11455&o=1279&w=632&j=90&R=0&W=0&I=1&E=1&e=0&v=%2Ftechnology%2Farchive%2F2014%2F08%2Fwhat-good-is-all-this-tech-diversity-data-anyway%2F375829%2F&K=655::12310::BWJAQwCw_d1B_Rs5_kr9VFCiZhnT::*%5B%40id%3D%27article-most-popular%27%5D%2Fdiv%5B2%5D%2Ful%5B1%5D%2Fli%5B6%5D%2Fa%5B1%5D::c::http%3A%2F%2Fwww.theatlantic.com%2Fpolitics%2Farchive%2F2016%2F10%2Fhow-trump-could-become-a-political-black-hole-for-the-gop%2F503489%2F::7SvDgCSaAe9Dr1RgO4jSBVDiLleJ&b=598&t=DbJD6UCMuWXznSlAUDmWIgOCPcrpk&V=83&tz=240&sn=12&EE=1&_ HTTP/1.1 "
"154952","0.013416","184.72.236.244","192.168.0.13","HTTP","279","HTTP/1.1 200 OK  (GIF89a) (GIF89a) (image/gif)"
"179454","0.000155","192.168.0.13","23.21.240.237","HTTP","1263","GET /ping?h=theatlantic.com&p=%2Fpolitics%2Farchive%2F2016%2F10%2Fhow-trump-could-become-a-political-black-hole-for-the-gop%2F503489%2F&u=B14MNCBox9NLBBLolO&d=theatlantic.com&g=17396&g0=politics&g1=Ronald%20Brownstein&n=0&f=f2021&c=21.77&x=0&m=0&y=11455&o=1279&w=632&j=150&R=0&W=0&I=1&E=1&e=0&v=%2Ftechnology%2Farchive%2F2014%2F08%2Fwhat-good-is-all-this-tech-diversity-data-anyway%2F375829%2F&K=655::12310::BWJAQwCw_d1B_Rs5_kr9VFCiZhnT::*%5B%40id%3D%27article-most-popular%27%5D%2Fdiv%5B2%5D%2Ful%5B1%5D%2Fli%5B6%5D%2Fa%5B1%5D::c::http%3A%2F%2Fwww.theatlantic.com%2Fpolitics%2Farchive%2F2016%2F10%2Fhow-trump-could-become-a-political-black-hole-for-the-gop%2F503489%2F::7SvDgCSaAe9Dr1RgO4jSBVDiLleJ&b=598&t=DbJD6UCMuWXznSlAUDmWIgOCPcrpk&V=83&tz=240&sn=13&EE=1&_ HTTP/1.1 "
"179489","0.002290","23.21.240.237","192.168.0.13","HTTP","279","HTTP/1.1 200 OK  (GIF89a) (GIF89a) (image/gif)"
"186236","0.003766","192.168.0.13","23.21.240.237","HTTP","1270","GET /ping?h=theatlantic.com&p=%2Fentertainment%2Farchive%2F2016%2F10%2Fneck-and-neck-the-long-and-short-history-of-the-choker%2F503315%2F&u=B14MNCBox9NLBBLolO&d=theatlantic.com&g=17396&g0=entertainment&g1=Megan%20Garber&n=0&f=f2021&c=21.76&x=0&m=0&y=10679&o=1279&w=632&j=270&R=0&W=0&I=1&E=0&e=0&v=%2Ftechnology%2Farchive%2F2014%2F08%2Fwhat-good-is-all-this-tech-diversity-data-anyway%2F375829%2F&K=655::13508::xcVPpCguti5CvHlk_CtYwPKoAggy::*%5B%40id%3D%27article-most-popular%27%5D%2Fdiv%5B2%5D%2Ful%5B1%5D%2Fli%5B8%5D%2Fa%5B2%5D::c::http%3A%2F%2Fwww.theatlantic.com%2Fentertainment%2Farchive%2F2016%2F10%2Fneck-and-neck-the-long-and-short-history-of-the-choker%2F503315%2F::D1hmk-B3qqCXB4_fqoDu-CwvB8Ilzk&b=556&t=BrfCNpxb9niDIB2mkD2888hBG87Lp&V=83&tz=240&sn=9&EE=0&_ HTTP/1.1 "
"186272","0.003016","23.21.240.237","192.168.0.13","HTTP","279","HTTP/1.1 200 OK  (GIF89a) (GIF89a) (image/gif)"
"201776","0.003159","192.168.0.13","23.21.240.237","HTTP","890","GET /ping?h=theatlantic.com&p=%2Ftechnology%2Farchive%2F2014%2F08%2Fwhat-good-is-all-this-tech-diversity-data-anyway%2F375829%2F&u=B14MNCBox9NLBBLolO&d=theatlantic.com&g=17396&g0=technology%2Csexes&g1=Adrienne%20LaFrance&n=0&f=f2021&c=13.26&x=2538&m=2538&y=16367&o=1279&w=632&j=270&R=0&W=0&I=1&E=0&e=0&r=https%3A%2F%2Fwww.google.com%2F&b=754&t=DDkvsFBu__FKC01nxrjdeSBprouy&V=83&tz=240&sn=7&EE=0&_ HTTP/1.1 "
"201814","0.016900","23.21.240.237","192.168.0.13","HTTP","279","HTTP/1.1 200 OK  (GIF89a) (GIF89a) (image/gif)"
"222965","0.000222","192.168.0.13","50.16.227.116","HTTP","1263","GET /ping?h=theatlantic.com&p=%2Fpolitics%2Farchive%2F2016%2F10%2Fhow-trump-could-become-a-political-black-hole-for-the-gop%2F503489%2F&u=B14MNCBox9NLBBLolO&d=theatlantic.com&g=17396&g0=politics&g1=Ronald%20Brownstein&n=0&f=f2021&c=24.02&x=0&m=0&y=11455&o=1279&w=632&j=270&R=0&W=0&I=1&E=1&e=0&v=%2Ftechnology%2Farchive%2F2014%2F08%2Fwhat-good-is-all-this-tech-diversity-data-anyway%2F375829%2F&K=655::12310::BWJAQwCw_d1B_Rs5_kr9VFCiZhnT::*%5B%40id%3D%27article-most-popular%27%5D%2Fdiv%5B2%5D%2Ful%5B1%5D%2Fli%5B6%5D%2Fa%5B1%5D::c::http%3A%2F%2Fwww.theatlantic.com%2Fpolitics%2Farchive%2F2016%2F10%2Fhow-trump-could-become-a-political-black-hole-for-the-gop%2F503489%2F::7SvDgCSaAe9Dr1RgO4jSBVDiLleJ&b=598&t=DbJD6UCMuWXznSlAUDmWIgOCPcrpk&V=83&tz=240&sn=14&EE=1&_ HTTP/1.1 "
"223006","0.003642","50.16.227.116","192.168.0.13","HTTP","279","HTTP/1.1 200 OK  (GIF89a) (GIF89a) (image/gif)"
"237645","0.000938","192.168.0.13","54.192.37.221","HTTP","538","GET /images/gunnar3000/gunnar30000905/gunnar3000090500411/4937877-binary-computer-data-background-with-1-and-0-Stock-Photo-code.jpg HTTP/1.1 "
"237648","0.000310","192.168.0.13","151.101.20.143","HTTP","436","GET /video/521265093_1280x720.jpg HTTP/1.1 "
"237655","0.000189","192.168.0.13","213.174.130.80","HTTP","461","GET /f/45C339499AB0/binary-code-computer-9004.jpg HTTP/1.1 "
"238238","0.000264","54.192.37.221","192.168.0.13","HTTP","957","HTTP/1.1 200 OK  (JPEG JFIF image)"
"238413","0.000209","151.101.20.143","192.168.0.13","HTTP","984","HTTP/1.1 200 OK  (JPEG JFIF image)"
"240285","0.000216","213.174.130.80","192.168.0.13","HTTP","457","HTTP/1.1 200 OK  (JPEG JFIF image)"
"271841","0.000167","192.168.0.13","23.23.141.187","HTTP","1271","GET /ping?h=theatlantic.com&p=%2Fentertainment%2Farchive%2F2016%2F10%2Fneck-and-neck-the-long-and-short-history-of-the-choker%2F503315%2F&u=B14MNCBox9NLBBLolO&d=theatlantic.com&g=17396&g0=entertainment&g1=Megan%20Garber&n=0&f=f2021&c=26.01&x=0&m=0&y=10679&o=1279&w=632&j=270&R=0&W=0&I=1&E=0&e=0&v=%2Ftechnology%2Farchive%2F2014%2F08%2Fwhat-good-is-all-this-tech-diversity-data-anyway%2F375829%2F&K=655::13508::xcVPpCguti5CvHlk_CtYwPKoAggy::*%5B%40id%3D%27article-most-popular%27%5D%2Fdiv%5B2%5D%2Ful%5B1%5D%2Fli%5B8%5D%2Fa%5B2%5D::c::http%3A%2F%2Fwww.theatlantic.com%2Fentertainment%2Farchive%2F2016%2F10%2Fneck-and-neck-the-long-and-short-history-of-the-choker%2F503315%2F::D1hmk-B3qqCXB4_fqoDu-CwvB8Ilzk&b=556&t=BrfCNpxb9niDIB2mkD2888hBG87Lp&V=83&tz=240&sn=10&EE=0&_ HTTP/1.1 "
"271881","0.000757","23.23.141.187","192.168.0.13","HTTP","279","HTTP/1.1 200 OK  (GIF89a) (GIF89a) (image/gif)"
"286648","0.000086","192.168.0.13","23.23.141.187","HTTP","890","GET /ping?h=theatlantic.com&p=%2Ftechnology%2Farchive%2F2014%2F08%2Fwhat-good-is-all-this-tech-diversity-data-anyway%2F375829%2F&u=B14MNCBox9NLBBLolO&d=theatlantic.com&g=17396&g0=technology%2Csexes&g1=Adrienne%20LaFrance&n=0&f=f2021&c=17.51&x=2538&m=2538&y=16367&o=1279&w=632&j=270&R=0&W=0&I=1&E=0&e=0&r=https%3A%2F%2Fwww.google.com%2F&b=754&t=DDkvsFBu__FKC01nxrjdeSBprouy&V=83&tz=240&sn=8&EE=0&_ HTTP/1.1 "
"286700","0.004673","23.23.141.187","192.168.0.13","HTTP","279","HTTP/1.1 200 OK  (GIF89a) (GIF89a) (image/gif)"
"307548","0.000196","192.168.0.13","50.16.237.53","HTTP","1263","GET /ping?h=theatlantic.com&p=%2Fpolitics%2Farchive%2F2016%2F10%2Fhow-trump-could-become-a-political-black-hole-for-the-gop%2F503489%2F&u=B14MNCBox9NLBBLolO&d=theatlantic.com&g=17396&g0=politics&g1=Ronald%20Brownstein&n=0&f=f2021&c=28.27&x=0&m=0&y=11455&o=1279&w=632&j=270&R=0&W=0&I=1&E=1&e=0&v=%2Ftechnology%2Farchive%2F2014%2F08%2Fwhat-good-is-all-this-tech-diversity-data-anyway%2F375829%2F&K=655::12310::BWJAQwCw_d1B_Rs5_kr9VFCiZhnT::*%5B%40id%3D%27article-most-popular%27%5D%2Fdiv%5B2%5D%2Ful%5B1%5D%2Fli%5B6%5D%2Fa%5B1%5D::c::http%3A%2F%2Fwww.theatlantic.com%2Fpolitics%2Farchive%2F2016%2F10%2Fhow-trump-could-become-a-political-black-hole-for-the-gop%2F503489%2F::7SvDgCSaAe9Dr1RgO4jSBVDiLleJ&b=598&t=DbJD6UCMuWXznSlAUDmWIgOCPcrpk&V=83&tz=240&sn=15&EE=1&_ HTTP/1.1 "
"307588","0.000569","50.16.237.53","192.168.0.13","HTTP","279","HTTP/1.1 200 OK  (GIF89a) (GIF89a) (image/gif)"
"352571","0.000196","192.168.0.13","107.20.139.156","HTTP","1271","GET /ping?h=theatlantic.com&p=%2Fentertainment%2Farchive%2F2016%2F10%2Fneck-and-neck-the-long-and-short-history-of-the-choker%2F503315%2F&u=B14MNCBox9NLBBLolO&d=theatlantic.com&g=17396&g0=entertainment&g1=Megan%20Garber&n=0&f=f2021&c=30.26&x=0&m=0&y=10679&o=1279&w=632&j=270&R=0&W=0&I=1&E=0&e=0&v=%2Ftechnology%2Farchive%2F2014%2F08%2Fwhat-good-is-all-this-tech-diversity-data-anyway%2F375829%2F&K=655::13508::xcVPpCguti5CvHlk_CtYwPKoAggy::*%5B%40id%3D%27article-most-popular%27%5D%2Fdiv%5B2%5D%2Ful%5B1%5D%2Fli%5B8%5D%2Fa%5B2%5D::c::http%3A%2F%2Fwww.theatlantic.com%2Fentertainment%2Farchive%2F2016%2F10%2Fneck-and-neck-the-long-and-short-history-of-the-choker%2F503315%2F::D1hmk-B3qqCXB4_fqoDu-CwvB8Ilzk&b=556&t=BrfCNpxb9niDIB2mkD2888hBG87Lp&V=83&tz=240&sn=11&EE=0&_ HTTP/1.1 "
"352623","0.002663","107.20.139.156","192.168.0.13","HTTP","279","HTTP/1.1 200 OK  (GIF89a) (GIF89a) (image/gif)"
